{"cameraMode":{"drawMode":0,"name":"Shaded","section":"Shading Mode"},"sceneLighting":true,"audioPlay":false,"sceneViewState":{"showFog":true,"showMaterialUpdate":false,"showSkybox":true,"showFlares":true,"showImageEffects":true,"showParticleSystems":true},"in2DMode":false,"pivot":{"x":-0.4902067184448242,"y":0.14320898056030274,"z":2.7558071613311769},"rotation":{"x":0.1705600619316101,"y":-0.2508535385131836,"z":0.04494767263531685,"w":0.9518263936042786},"size":2.6917834281921388,"orthographic":false}